Name	title	coding	
t3_1gfvp4r	GI Bill students 	Financial Aid/Tuition	
t3_1gfnstc	Pursing a second undergrad in Exercise science.	Major/Academic Path	
t3_1gfunov	that short nap during lecture &gt;&gt;&gt;	Casual Student Discussions	
t3_1gfyqyp	volleyball 	Social Events	
t3_1gfhqyq	Easiest Electives for Master of Applied Computer Science?	Courses	
t3_1gg51t4	Wizeprep for math 208	Courses	
t3_1gg6hsw	Would you be agreeable to creating a hookup group ? 	Social Events	
t3_1gg6932	Quebec perspective bursary denied 	Financial Aid/Tuition	
t3_1gftfor	Comm 221	Courses	
t3_1gfvpdr	University friends 	Social Events	
t3_1gg3oil	Where can I get a Concordia shirt? 	Campus Recourses	
t3_1gfuti3	BTM 480 final	Courses	
t3_1gfyh4c	Custom hoodies	Campus Recourses	
t3_1gfzo2k	Internship - Sense of doom	Careers and Scams	
t3_1gg5amx	Cole/Proctorio	Courses	
t3_1gfs0mw	Anyone else lowkey going fucking mental and gonna end it all???????	Health and Wellness	
t3_1gfpxq3	Need to drop Minor	Major/Academic Path	
t3_1gfrtnh	Acco 320 - Kelly 	Courses	
t3_1gg47d1	"Student Loans: ""Total assistance awarded as a bursary"" Amount, RBC Amount"	Financial Aid/Tuition	
t3_1gfxsaz	Best places to eat	Campus Recourses	
t3_1gfo5qn	I farted really hard in class and the lights flickered 	Casual Student Discussions	
t3_1gfyade	FINA 395 Final Prep	Courses	
t3_1gg15s4	ACCO 320 HELPPPP!!!!	Courses	
t3_1gg0jx3	PHIL 210 final	Courses	
t3_1gfrwbz	I need help choosing an elective for winter	Courses	
			
			
			
			
			
			
			
			
			
			
			
			
			
			
			
			
			